{"stats":{"minecraft:dropped":{"minecraft:glow_ink_sac":1,"minecraft:minecart":1,"minecraft:yellow_concrete":1,"minecraft:command_block":1,"minecraft:stone_button":1,"minecraft:repeater":1,"minecraft:smooth_quartz":1,"minecraft:redstone":2,"minecraft:oak_sign":1,"minecraft:waxed_copper_block":1,"minecraft:leather_boots":1,"minecraft:stone_bricks":1},"minecraft:used":{"minecraft:oak_fence":22,"minecraft:tuff_bricks":1,"minecraft:netherite_sword":6,"minecraft:jack_o_lantern":1,"minecraft:writable_book":67,"minecraft:iron_bars":75,"minecraft:light_gray_dye":1,"minecraft:flint_and_steel":82,"minecraft:dead_bush":1,"minecraft:zombie_villager_spawn_egg":16,"minecraft:dispenser":34,"minecraft:spruce_slab":580,"minecraft:redstone":4649,"minecraft:pale_oak_button":2,"minecraft:ladder":6,"minecraft:oak_sign":597,"minecraft:light_gray_carpet":16,"minecraft:spruce_planks":408,"minecraft:decorated_pot":8,"minecraft:chest":10,"minecraft:tinted_glass":1,"minecraft:stone":223,"minecraft:stripped_birch_wood":6,"minecraft:quartz_stairs":2,"minecraft:mangrove_fence":2,"minecraft:wooden_shovel":3,"minecraft:bell":3,"minecraft:orange_bed":3,"minecraft:pale_oak_sign":12,"minecraft:pale_hanging_moss":2,"minecraft:brewing_stand":10,"minecraft:dirt":1478,"minecraft:anvil":10,"minecraft:target":4,"minecraft:spruce_stairs":418,"minecraft:oak_wood":1,"minecraft:glow_lichen":16,"minecraft:spruce_fence":321,"minecraft:granite":3,"minecraft:blue_concrete":75,"minecraft:stripped_spruce_log":762,"minecraft:oak_fence_gate":2,"minecraft:glass":62,"minecraft:dark_oak_planks":2108,"minecraft:sea_lantern":66,"minecraft:honeycomb":1,"minecraft:bricks":21,"minecraft:bookshelf":322,"minecraft:quartz_pillar":9,"minecraft:villager_spawn_egg":21,"minecraft:mangrove_stairs":39,"minecraft:grass_block":887,"minecraft:red_wool":6,"minecraft:lantern":6,"minecraft:iron_block":1,"minecraft:oak_stairs":6,"minecraft:brick_stairs":4,"minecraft:spruce_button":4,"minecraft:quartz_block":98,"minecraft:dark_oak_slab":2,"minecraft:polished_blackstone_brick_stairs":1,"minecraft:smooth_quartz":1746,"minecraft:mud_bricks":2,"minecraft:barrel":71,"minecraft:stone_brick_stairs":36,"minecraft:stone_bricks":3353,"minecraft:item_frame":26,"minecraft:repeater":374,"minecraft:tripwire_hook":4,"minecraft:red_carpet":6,"minecraft:redstone_lamp":106,"minecraft:warped_stairs":4,"minecraft:black_stained_glass":1,"minecraft:written_book":48,"minecraft:iron_trapdoor":41,"minecraft:dark_oak_pressure_plate":6,"minecraft:black_dye":39,"minecraft:white_stained_glass_pane":4,"minecraft:mangrove_slab":22,"minecraft:minecart":127,"minecraft:netherite_pickaxe":2,"minecraft:skeleton_skull":1,"minecraft:stone_pressure_plate":57,"minecraft:end_stone_brick_stairs":11,"minecraft:red_dye":37,"minecraft:observer":204,"minecraft:dead_bubble_coral_fan":1,"minecraft:crimson_hanging_sign":18,"minecraft:water_bucket":1,"minecraft:dark_oak_stairs":18,"minecraft:chiseled_bookshelf":1,"minecraft:mossy_stone_bricks":436,"minecraft:ink_sac":44,"minecraft:spruce_door":2,"minecraft:lodestone":2,"minecraft:dropper":3,"minecraft:gray_carpet":15,"minecraft:powered_rail":50,"minecraft:mangrove_planks":12,"minecraft:oak_planks":56,"minecraft:cartography_table":4,"minecraft:orange_tulip":2,"minecraft:mossy_stone_brick_stairs":13,"minecraft:redstone_block":99,"minecraft:composter":1,"minecraft:spruce_sign":11,"minecraft:cauldron":2,"minecraft:white_dye":1,"minecraft:fletching_table":1,"minecraft:stonecutter":1,"minecraft:glow_ink_sac":218,"minecraft:spruce_fence_gate":2,"minecraft:leather_boots":1,"minecraft:waxed_copper_block":752,"minecraft:cracked_stone_bricks":321,"minecraft:oak_leaves":32,"minecraft:white_wool":52,"minecraft:pink_concrete":19,"minecraft:glow_item_frame":12,"minecraft:stripped_dark_oak_log":4,"minecraft:orange_carpet":20,"minecraft:rail":101,"minecraft:comparator":1,"minecraft:light_blue_concrete":9,"minecraft:loom":5,"minecraft:birch_sign":2,"minecraft:blast_furnace":5,"minecraft:yellow_concrete":145,"minecraft:campfire":5,"minecraft:chiseled_quartz_block":16,"minecraft:note_block":94,"minecraft:gray_concrete":42,"minecraft:painting":106,"minecraft:lightning_rod":3,"minecraft:redstone_torch":252,"minecraft:lever":17,"minecraft:dark_prismarine":10,"minecraft:flower_pot":37,"minecraft:acacia_stairs":13,"minecraft:diamond_pickaxe":27,"minecraft:black_concrete":416,"minecraft:acacia_sign":7,"minecraft:birch_slab":6,"minecraft:command_block":478,"minecraft:zombie_head":1,"minecraft:cyan_carpet":4,"minecraft:stone_button":50,"minecraft:cyan_bed":2,"minecraft:oak_button":17,"minecraft:barrier":8,"minecraft:map":2,"minecraft:netherite_axe":33,"minecraft:spruce_pressure_plate":12,"minecraft:lectern":25,"minecraft:spruce_trapdoor":315,"minecraft:iron_door":134,"minecraft:cat_spawn_egg":2,"minecraft:flowering_azalea_leaves":10,"minecraft:soul_lantern":4,"minecraft:green_carpet":36,"minecraft:azalea_leaves":10,"minecraft:grindstone":5,"minecraft:smithing_table":1,"minecraft:dark_oak_fence":4,"minecraft:red_banner":4,"minecraft:chain_command_block":8,"minecraft:chain":37,"minecraft:repeating_command_block":175,"minecraft:polished_blackstone_button":1,"minecraft:stripped_oak_log":7,"minecraft:white_concrete":182,"minecraft:oak_hanging_sign":12,"minecraft:smooth_stone":1,"minecraft:candle":211,"minecraft:jukebox":8,"minecraft:cobweb":5,"minecraft:experience_bottle":1},"minecraft:custom":{"minecraft:inspect_dropper":3,"minecraft:interact_with_anvil":14,"minecraft:mob_kills":19,"minecraft:open_barrel":7,"minecraft:fill_cauldron":1,"minecraft:leave_game":37,"minecraft:time_since_death":725528,"minecraft:climb_one_cm":148,"minecraft:sprint_one_cm":3933450,"minecraft:walk_one_cm":6110169,"minecraft:drop":13,"minecraft:talked_to_villager":4,"minecraft:play_time":2498886,"minecraft:deaths":18,"minecraft:sneak_time":20908,"minecraft:interact_with_lectern":99,"minecraft:interact_with_brewingstand":11,"minecraft:jump":7315,"minecraft:total_world_time":3696968,"minecraft:play_record":5,"minecraft:tune_noteblock":993,"minecraft:pot_flower":37,"minecraft:time_since_rest":725556,"minecraft:damage_dealt":3369,"minecraft:minecart_one_cm":2591,"minecraft:fly_one_cm":8283666,"minecraft:open_chest":172,"minecraft:crouch_one_cm":24084,"minecraft:fall_one_cm":6121,"minecraft:inspect_dispenser":117},"minecraft:killed":{"minecraft:zombie_villager":7,"minecraft:villager":12},"minecraft:picked_up":{"minecraft:music_disc_creator":1,"minecraft:dark_oak_pressure_plate":1,"minecraft:experience_bottle":96,"minecraft:oak_sign":56,"minecraft:candle":2,"minecraft:acacia_sign":4,"minecraft:redstone_torch":17,"minecraft:written_book":1,"minecraft:pale_oak_button":1,"minecraft:smooth_quartz":3,"minecraft:minecart":14,"minecraft:spruce_pressure_plate":2,"minecraft:glow_item_frame":1,"minecraft:stone_button":5,"minecraft:music_disc_pigstep":1,"minecraft:carrot":1,"minecraft:redstone":244,"minecraft:netherite_pickaxe":2,"minecraft:music_disc_creator_music_box":2,"minecraft:stone_pressure_plate":3,"minecraft:dark_oak_planks":1,"minecraft:command_block":1,"minecraft:rotten_flesh":9,"minecraft:rail":34,"minecraft:repeater":10,"minecraft:iron_door":2,"minecraft:glow_ink_sac":1,"minecraft:waxed_copper_block":1,"minecraft:dirt":2,"minecraft:leather_boots":1,"minecraft:stone_bricks":1,"minecraft:bell":1,"minecraft:powered_rail":6,"minecraft:oak_planks":9,"minecraft:crimson_hanging_sign":5,"minecraft:cooked_porkchop":10,"minecraft:yellow_concrete":1,"minecraft:dead_bush":1,"minecraft:green_carpet":1,"minecraft:firework_rocket":86,"minecraft:slime_ball":5,"minecraft:lever":3,"minecraft:writable_book":2,"minecraft:golden_apple":1,"minecraft:oak_button":1,"minecraft:music_disc_precipice":1,"minecraft:light_gray_carpet":1,"minecraft:diamond_pickaxe":1},"minecraft:mined":{"minecraft:candle":1,"minecraft:grass_block":2,"minecraft:redstone_wire":112,"minecraft:rail":21,"minecraft:powered_rail":4,"minecraft:redstone_torch":7}},"DataVersion":4189}