{"stats":{"minecraft:killed":{"minecraft:cat":3,"minecraft:villager":5},"minecraft:picked_up":{"minecraft:enchanted_book":6,"minecraft:redstone":2,"minecraft:acacia_stairs":1,"minecraft:string":3},"minecraft:used":{"minecraft:dark_oak_planks":6,"minecraft:lever":2,"minecraft:writable_book":3,"minecraft:villager_spawn_egg":5,"minecraft:command_block":19,"minecraft:grass_block":21,"minecraft:redstone":946,"minecraft:oak_button":3,"minecraft:netherite_axe":16,"minecraft:stone_button":7,"minecraft:oak_sign":20,"minecraft:decorated_pot":1,"minecraft:smooth_quartz":20,"minecraft:glow_ink_sac":5,"minecraft:cat_spawn_egg":1,"minecraft:stone_bricks":54,"minecraft:waxed_copper_block":3,"minecraft:repeater":3,"minecraft:dirt":59,"minecraft:anvil":1,"minecraft:written_book":4,"minecraft:painting":12},"minecraft:dropped":{"minecraft:enchanted_book":2},"minecraft:custom":{"minecraft:time_since_rest":128080,"minecraft:sprint_one_cm":247610,"minecraft:walk_one_cm":292924,"minecraft:interact_with_anvil":5,"minecraft:mob_kills":8,"minecraft:drop":2,"minecraft:damage_dealt":1348,"minecraft:talked_to_villager":2,"minecraft:fly_one_cm":863664,"minecraft:open_barrel":6,"minecraft:crouch_one_cm":221,"minecraft:play_time":128080,"minecraft:sneak_time":964,"minecraft:interact_with_lectern":24,"minecraft:jump":897,"minecraft:interact_with_grindstone":2,"minecraft:leave_game":9,"minecraft:time_since_death":128080,"minecraft:total_world_time":143223,"minecraft:climb_one_cm":148,"minecraft:fall_one_cm":15206}},"DataVersion":4189}